{
    "ConfigVersion": "1",
    "LogsOn": 1,
    "DebugOn": 0,
    "DumpObjectLocations": 0,
    "SpawnFirewoodObjects": 1,
    "NoWoodLeftMessage": "It seems the wood left in this pile is wet and rotten, I can't use this...",
    "WoodTypes": [
        {
            "TypeName": "_woodreserve",
            "MinWood": 0,
            "MaxWood": 6,
            "ChanceOfBleed": 0.33000001311302187,
            "DamageGloves": 10.0,
            "DamageTool": 10.0,
            "Offset": [
                0.0,
                0.0,
                0.20000000298023225
            ],
            "Orient": [
                0.0,
                0.0,
                0.0
            ]
        },
        {
            "TypeName": "_woodpile_forest",
            "MinWood": 0,
            "MaxWood": 6,
            "ChanceOfBleed": 0.33000001311302187,
            "DamageGloves": 10.0,
            "DamageTool": 10.0,
            "Offset": [
                0.0,
                0.30000001192092898,
                0.0
            ],
            "Orient": [
                90.0,
                0.0,
                90.0
            ]
        },
        {
            "TypeName": "_woodpile1",
            "MinWood": 0,
            "MaxWood": 6,
            "ChanceOfBleed": 0.33000001311302187,
            "DamageGloves": 10.0,
            "DamageTool": 10.0,
            "Offset": [
                0.0,
                -0.5,
                0.0
            ],
            "Orient": [
                0.0,
                0.0,
                0.0
            ]
        },
        {
            "TypeName": "_woodpile2",
            "MinWood": 0,
            "MaxWood": 6,
            "ChanceOfBleed": 0.33000001311302187,
            "DamageGloves": 10.0,
            "DamageTool": 10.0,
            "Offset": [
                0.0,
                -0.5,
                0.0
            ],
            "Orient": [
                0.0,
                0.0,
                0.0
            ]
        }
    ],
    "WoodPositions": [
        {
            "TypeName": "_woodreserve",
            "Locations": [
                [
                    3826.646240234375,
                    8.391693115234375,
                    9223.974609375
                ],
                [
                    3831.17626953125,
                    8.423397064208985,
                    9222.4638671875
                ],
                [
                    9020.4072265625,
                    9.888201713562012,
                    10121.17578125
                ],
                [
                    9020.265625,
                    9.898189544677735,
                    10118.24609375
                ],
                [
                    9036.8916015625,
                    9.878769874572754,
                    10109.6005859375
                ],
                [
                    9033.8134765625,
                    9.903762817382813,
                    10101.6494140625
                ],
                [
                    9020.1220703125,
                    9.909136772155762,
                    10115.32421875
                ]
            ]
        },
        {
            "TypeName": "_woodpile_forest",
            "Locations": [
                [
                    4199.0693359375,
                    32.783870697021487,
                    9445.125
                ],
                [
                    4202.14697265625,
                    32.052772521972659,
                    9449.1279296875
                ],
                [
                    4200.7763671875,
                    32.39447784423828,
                    9447.03125
                ],
                [
                    4442.72998046875,
                    49.30241012573242,
                    9406.8779296875
                ],
                [
                    4443.6806640625,
                    50.31318283081055,
                    9402.142578125
                ],
                [
                    4443.3505859375,
                    49.81028366088867,
                    9404.3583984375
                ],
                [
                    4438.9765625,
                    22.456933975219728,
                    9526.525390625
                ],
                [
                    4439.33642578125,
                    23.147762298583986,
                    9521.736328125
                ],
                [
                    4438.97998046875,
                    22.746070861816408,
                    9524.2587890625
                ],
                [
                    4684.73876953125,
                    38.89948654174805,
                    9516.0068359375
                ],
                [
                    4685.3779296875,
                    39.5570068359375,
                    9513.2412109375
                ],
                [
                    4672.51171875,
                    17.396146774291993,
                    9608.8857421875
                ],
                [
                    4685.76171875,
                    17.211124420166017,
                    9610.126953125
                ],
                [
                    4668.07421875,
                    17.26324462890625,
                    9608.2255859375
                ],
                [
                    4692.07861328125,
                    17.22010612487793,
                    9608.2919921875
                ],
                [
                    4687.99853515625,
                    17.01445198059082,
                    9609.69140625
                ],
                [
                    4689.9375,
                    17.05878257751465,
                    9609.3623046875
                ],
                [
                    4670.35302734375,
                    17.334674835205079,
                    9608.41796875
                ],
                [
                    4894.60546875,
                    46.98583984375,
                    9244.3994140625
                ],
                [
                    4892.69189453125,
                    47.554134368896487,
                    9246.4990234375
                ],
                [
                    4990.26318359375,
                    26.092004776000978,
                    9371.4619140625
                ],
                [
                    4987.46044921875,
                    26.267398834228517,
                    9371.7880859375
                ],
                [
                    4981.2685546875,
                    21.291709899902345,
                    9474.5263671875
                ],
                [
                    4982.06201171875,
                    20.852519989013673,
                    9479.1865234375
                ],
                [
                    4981.650390625,
                    21.066349029541017,
                    9477.0048828125
                ],
                [
                    5511.64794921875,
                    53.82368087768555,
                    10955.73828125
                ],
                [
                    5503.03369140625,
                    53.82270812988281,
                    10950.7158203125
                ],
                [
                    5526.45654296875,
                    53.71506881713867,
                    10969.7900390625
                ],
                [
                    5598.32177734375,
                    57.4163818359375,
                    11069.4638671875
                ],
                [
                    5612.9052734375,
                    57.479148864746097,
                    11072.7060546875
                ],
                [
                    5619.1396484375,
                    57.47943115234375,
                    11080.3896484375
                ],
                [
                    5780.0185546875,
                    17.611364364624025,
                    10775.6513671875
