{
    "m_Version": 6,
    "m_DisplayName": "Jalovisko Trading Zone",
    "Position": [
        8583.669921875,
        24.549999237060548,
        10515.0
    ],
    "Radius": 400.0,
    "BuyPricePercent": 100.0,
    "SellPricePercent": -1.0,
    "Stock": {}
}