{
    "m_Version": 6,
    "m_DisplayName": "Tara Harbor Trading Zone",
    "Position": [
        8043.47998046875,
        2.6500000953674318,
        7593.5
    ],
    "Radius": 400.0,
    "BuyPricePercent": 100.0,
    "SellPricePercent": -1.0,
    "Stock": {}
}