{
    "ConfigVersion": 18,
    "ID": 1,
    "ObjectiveType": 8,
    "ObjectiveText": "Kill all 10 bandits at the marked location",
    "TimeLimit": -1,
    "AICamp": {
        "Positions": [
            [
                8091.22998046875,
                15.369999885559082,
                10832.400390625
            ],
            [
                8095.06982421875,
                15.619999885559082,
                10865.400390625
            ],
            [
                8121.9599609375,
                16.09000015258789,
                10850.599609375
            ],
            [
                8124.990234375,
                20.459999084472658,
                10852.5
            ],
            [
                8082.31982421875,
                15.369999885559082,
                10838.599609375
            ],
            [
                8123.080078125,
                15.300000190734864,
                10819.7001953125
            ],
            [
                8151.75,
                15.449999809265137,
                10815.7001953125
            ],
            [
                8165.89013671875,
                15.8100004196167,
                10840.5
            ],
            [
                8172.0,
                15.899999618530274,
                10886.2001953125
            ],
            [
                8117.52001953125,
                15.229999542236329,
                10864.7998046875
            ]
        ],
        "NPCSpeed": "RUN",
        "NPCMode": "HALT",
        "NPCFaction": "West",
        "NPCLoadoutFile": "BanditLoadout.json",
        "NPCAccuracyMin": 0.0,
        "NPCAccuracyMax": 0.0,
        "ClassNames": [
            "eAIBase"
        ],
        "SpecialWeapon": 0,
        "AllowedWeapons": []
    },
    "MinDistRadius": 50.0,
    "MaxDistRadius": 150.0,
    "DespawnRadius": 880.0,
    "CanLootAI": 1,
    "InfectedDeletionRadius": 500
}